code,name,Year,unit,Total CO2 emissions from fossil-fuels and cement production (MtCO2),Emissions from solid fuel consumption,Emissions from liquid fuel consumption,Emissions from gas fuel consumption,Emissions from cement production,Emissions from gas flaring,Per capita CO2 emissions (tCO2),Emissions from bunker fuels (not included in the totals)
SRB,SERBIA,2006,MtCO2,54.00266666666666,34.485,13.456666666666663,4.561333333333333,1.5033333333333332,0.0,0.0055,0.1613333333333333
SRB,SERBIA,2007,MtCO2,52.45166666666666,34.206333333333326,12.070666666666666,4.605333333333333,1.5693333333333332,0.0,0.0053533333333333,0.1466666666666666
SRB,SERBIA,2008,MtCO2,52.09233333333333,35.51533333333333,10.281333333333333,4.583333333333333,1.7123333333333333,0.0,0.0053533333333333,0.1503333333333333
SRB,SERBIA,2009,MtCO2,46.178,31.493,10.160333333333332,3.1936666666666667,1.331,0.0,0.0050966666666666,0.1246666666666666
SRB,SERBIA,2010,MtCO2,45.95066666666666,30.844,9.592,4.246,1.272333333333333,0.0,0.0050599999999999,0.1283333333333333
SRB,SERBIA,2011,MtCO2,49.214,34.30166666666666,9.302333333333332,4.356,1.254,0.0,0.0054633333333333,0.143
SRB,SERBIA,2012,MtCO2,44.05866666666667,30.136333333333333,8.899,3.8426666666666662,1.1806666666666663,0.0,0.0049133333333333,0.1283333333333333
SRB,SERBIA,2013,MtCO2,44.88,31.309666666666665,8.220666666666666,4.275333333333333,1.0743333333333334,0.0,0.0050233333333333,0.1613333333333333
SRB,SERBIA,2014,MtCO2,37.664,24.643666666666665,8.220666666666666,3.685,1.1146666666666665,0.0,0.0042533333333333,0.2566666666666666
