code,name,Year,unit,Total CO2 emissions from fossil-fuels and cement production (MtCO2),Emissions from solid fuel consumption,Emissions from liquid fuel consumption,Emissions from gas fuel consumption,Emissions from cement production,Emissions from gas flaring,Per capita CO2 emissions (tCO2),Emissions from bunker fuels (not included in the totals)
MNE,MONTENEGRO,2006,MtCO2,2.383333333333333,1.2576666666666665,1.1256666666666666,0.0,0.0,0.0,0.0038133333333333,0.0476666666666666
MNE,MONTENEGRO,2007,MtCO2,2.251333333333333,1.023,1.2283333333333333,0.0,0.0,0.0,0.00363,0.033
MNE,MONTENEGRO,2008,MtCO2,2.75,1.5106666666666666,1.2356666666666665,0.0,0.0,0.0,0.0044366666666666,0.044
MNE,MONTENEGRO,2009,MtCO2,1.826,0.8176666666666667,1.0083333333333333,0.0,0.0,0.0,0.0029333333333333,0.0073333333333333
MNE,MONTENEGRO,2010,MtCO2,2.581333333333333,1.6243333333333332,0.957,0.0,0.0,0.0,0.0041433333333333,0.0073333333333333
MNE,MONTENEGRO,2011,MtCO2,2.570333333333333,1.6756666666666664,0.8946666666666666,0.0,0.0,0.0,0.0041433333333333,0.033
MNE,MONTENEGRO,2012,MtCO2,2.3356666666666666,1.507,0.8286666666666667,0.0,0.0,0.0,0.00374,0.0366666666666666
MNE,MONTENEGRO,2013,MtCO2,2.2476666666666665,1.4556666666666664,0.7956666666666666,0.0,0.0,0.0,0.0035933333333333,0.0403333333333333
MNE,MONTENEGRO,2014,MtCO2,2.211,1.419,0.792,0.0,0.0,0.0,0.0035199999999999,0.055
